{
  "MAX_STEP": 185.37433224999882,
  "MAX_DURATION": 9.5016013125,
  "VOCAB_SIZE": 128,
  "SEQ_LENGTH": 25
}